position,tcr_median,tcr_mean,tcr_std,pep_median,pep_mean,pep_std,either_median,primary_target,ratio,diff
9,11.04,10.93,1.9,3.63,3.94,0.81,3.63,Peptide,3.04,7.41
17,14.25,14.54,3.72,20.05,19.95,0.6,14.25,TCR,1.41,5.8
44,8.83,8.95,2.75,9.85,9.81,0.83,8.83,TCR,1.12,1.02
56,10.17,10.43,3.62,9.96,9.96,0.94,9.96,Peptide,1.02,0.21
62,3.87,4.55,3.4,5.63,5.14,1.13,3.87,TCR,1.46,1.76
63,6.02,6.45,2.58,2.85,2.85,0.15,2.85,Peptide,2.11,3.17
65,2.83,3.35,3.24,6.17,5.8,1.09,2.83,TCR,2.18,3.34
66,3.61,4.17,2.7,2.92,2.95,0.3,2.92,Peptide,1.24,0.69
67,6.73,7.03,1.74,3.79,3.97,0.61,3.79,Peptide,1.78,2.94
70,5.7,6.0,1.92,3.11,3.19,0.59,3.11,Peptide,1.83,2.58
73,3.87,4.41,2.43,3.38,3.35,0.38,3.38,Peptide,1.14,0.49
74,6.84,7.2,1.8,5.3,5.16,0.84,5.3,Peptide,1.29,1.54
76,3.74,4.62,2.89,3.89,4.07,0.77,3.74,TCR,1.04,0.14
77,6.89,7.14,1.88,2.84,2.81,0.16,2.84,Peptide,2.43,4.05
79,9.57,9.05,3.49,7.27,7.38,0.53,7.27,Peptide,1.32,2.3
80,7.3,7.5,2.78,3.61,3.57,0.27,3.61,Peptide,2.02,3.69
81,11.33,11.16,2.41,3.91,3.94,0.37,3.91,Peptide,2.89,7.41
82,12.62,12.4,3.13,7.69,7.89,0.79,7.69,Peptide,1.64,4.93
83,12.85,12.24,4.08,9.0,8.83,1.17,9.0,Peptide,1.43,3.85
90,17.97,18.06,4.1,17.61,17.66,0.86,17.61,Peptide,1.02,0.36
95,12.1,11.93,1.98,5.31,5.29,1.32,5.31,Peptide,2.28,6.79
97,9.35,9.5,1.8,3.63,3.62,0.72,3.63,Peptide,2.57,5.72
99,9.31,9.29,1.64,3.04,3.06,0.23,3.04,Peptide,3.07,6.28
105,19.85,19.86,3.79,19.04,18.83,0.54,19.04,Peptide,1.04,0.81
107,13.48,13.91,3.45,14.15,14.02,0.53,13.48,TCR,1.05,0.67
109,11.35,11.7,2.61,12.27,12.16,0.41,11.35,TCR,1.08,0.92
114,9.88,9.85,1.42,4.22,4.33,0.87,4.22,Peptide,2.34,5.66
116,10.69,10.63,1.81,3.69,3.59,0.71,3.69,Peptide,2.9,7.0
127,14.85,14.52,1.88,12.74,12.71,0.8,12.74,Peptide,1.17,2.11
142,10.02,10.2,2.61,5.88,5.59,0.65,5.88,Peptide,1.7,4.13
144,10.41,10.62,1.92,6.79,6.54,0.51,6.79,Peptide,1.53,3.62
145,9.04,9.26,2.58,8.15,8.04,0.53,8.15,Peptide,1.11,0.89
149,5.65,6.33,3.39,8.17,8.31,1.23,5.65,TCR,1.44,2.51
150,3.49,4.36,3.54,4.6,4.94,1.32,3.49,TCR,1.32,1.11
151,4.07,4.86,3.37,6.35,6.43,0.83,4.07,TCR,1.56,2.29
152,5.04,5.51,2.69,3.53,3.48,0.46,3.53,Peptide,1.43,1.51
156,6.27,6.46,2.03,3.49,3.37,0.69,3.49,Peptide,1.8,2.79
158,3.59,4.52,3.34,6.85,6.83,1.0,3.59,TCR,1.91,3.27
161,6.82,7.29,3.1,9.16,9.23,0.46,6.82,TCR,1.34,2.35
163,3.51,4.36,3.37,3.97,4.12,0.82,3.51,TCR,1.13,0.46
166,4.72,5.71,3.83,7.35,6.96,0.87,4.72,TCR,1.56,2.62
167,5.85,6.78,3.84,3.4,3.41,0.53,3.4,Peptide,1.72,2.45
