Locus;Position;Entropy
A;1;0.8005031972167719
A;3;0.13657216711382536
A;7;0.13657216711382536
A;9;2.5749381448247197
A;12;0.23259874443548234
A;17;0.5792174492340264
A;43;0.31257374327196324
A;44;0.5912609453287991
A;67;0.5912609453287991
A;47;0.15644436656708793
A;50;0.18715600059703089
A;56;0.6898375232915939
A;57;0.15644436656708793
A;62;3.0187104035623427
A;63;1.3619185357595303
A;65;0.8389499393621802
A;66;1.0768714107128323
A;70;1.0459437024865466
A;73;0.611905585519386
A;74;1.0368990518186751
A;76;1.810540026995539
A;77;1.438285902985052
A;79;1.0083075879965522
A;80;1.0083075879965522
A;81;1.0083075879965522
A;82;1.0083075879965522
A;90;0.9255051378410135
A;95;1.8086284136083737
A;97;2.0187705369428626
A;99;1.0814487863587183
A;105;0.9914166660105788
A;107;0.9483123788720949
A;109;0.611905585519386
A;114;2.1995189416775305
A;116;1.7344106915520325
A;120;0.15644436656708793
A;127;0.9999991034804858
A;128;0.23463537860963435
A;145;0.9834152366448139
A;142;0.9834152366448139
A;141;0.15644436656708793
A;144;0.9971446379091139
A;149;0.7950563098455121
A;150;0.6898375232915939
A;151;0.9653691199160737
A;152;2.0068003435524924
A;156;2.388570098773711
A;158;0.5695871618093816
A;161;0.5228690665952883
A;163;1.2283687239998777
A;166;0.930586129131993
A;167;0.930586129131993
A;171;0.23259874443548234
A;172;0.15644436656708793
B;1;0.8807216012946193
B;9;1.2267568710165464
B;11;0.9898021618129562
B;12;0.9932566149088083
B;21;0.11522622232800835
B;24;1.579741715977493
B;30;0.508375431017983
B;32;0.9245853747418253
B;41;0.8526594880010062
B;42;0.11522622232800835
B;45;2.651097598638745
B;46;0.8193383356458636
B;47;0.11522622232800835
B;59;0.11522622232800835
B;62;0.3202817761651411
B;63;0.9997370519513948
B;65;0.4258735252022447
B;66;0.4258735252022447
B;67;2.93060895752944
B;69;1.0095052034895302
B;70;1.4783608959893493
B;71;0.9547395210510243
B;74;0.9829386414682795
B;76;0.1403198641217146
B;77;1.4769581484065484
B;80;1.7104214416005519
B;81;0.971389393717123
B;83;0.993826176313448
B;82;0.993826176313448
B;94;0.9522321802863745
B;95;1.5699187677581083
B;97;2.5265786967431567
B;98;0.10160748741268294
B;99;0.6458428662109543
B;103;0.9496204714090324
B;109;0.10160748741268294
B;113;0.9496204714090324
B;114;1.5576652324432643
B;116;3.0426260994421113
B;131;0.9130714765830655
B;143;0.3683572112906551
B;145;0.19790878685834618
B;147;0.3448691904288147
B;151;0.11522622232800835
B;152;1.0546348785343347
B;156;2.154498526026463
B;158;0.558075631837828
B;163;1.8767579719374372
B;167;0.7490811655298383
B;171;0.8645219486781907
B;175;0.10160748741268294
B;177;0.8586896766300879
B;178;0.7439520982282151
B;180;0.8526594880010062
