hla_pos,primary_pep,primary_pct,primary_dist,n_structures
9,P2,97.07112970711297,3.6255784,239
63,P2,84.10041841004184,2.8694293,239
66,P2,70.7112970711297,2.9542248,239
67,P2,99.16317991631799,3.7886145,239
70,P3,35.56485355648535,3.1033895,239
73,P6,46.86192468619247,3.3594103,239
77,Pω,95.39748953974896,2.8416643,239
80,Pω,98.32635983263597,3.612943,239
81,Pω,98.74476987447699,3.9153752,239
97,Pω,25.94142259414226,3.9064295,239
99,P3,76.15062761506276,3.051043,239
114,P3,30.543933054393307,4.581094,239
116,Pω,82.00836820083683,3.567125,239
152,P7,64.85355648535564,3.5667348,239
156,P3,49.37238493723849,3.5473673,239
167,P1,100.0,3.4038606,239
