Position,Heterozygosity,N_AA,AA_Distribution,Selected
1,0.0,1,G:100.0%,No
2,0.0,1,S:100.0%,No
3,0.0,1,H:100.0%,No
4,0.1,2,S:99.9%; F:0.1%,No
5,0.0,1,M:100.0%,No
6,0.0,1,R:100.0%,No
7,0.0,1,Y:100.0%,No
8,0.0,1,F:100.0%,No
9,43.6,3,Y:71.8%; H:20.8%; D:7.5%,Yes
10,0.0,1,T:100.0%,No
11,39.7,2,A:72.7%; S:27.3%,Yes
12,42.4,2,M:69.6%; V:30.4%,Yes
13,0.0,1,S:100.0%,No
14,0.0,1,R:100.0%,No
15,0.0,1,P:100.0%,No
16,0.0,1,G:100.0%,No
17,0.0,1,R:100.0%,No
18,0.0,1,G:100.0%,No
19,0.0,1,E:100.0%,No
20,0.0,1,P:100.0%,No
21,0.0,1,R:100.0%,No
22,0.0,1,F:100.0%,No
23,0.0,1,I:100.0%,No
24,66.4,3,A:37.4%; S:33.0%; T:29.5%,Yes
25,0.0,1,V:100.0%,No
26,0.0,1,G:100.0%,No
27,0.0,1,Y:100.0%,No
28,0.0,1,V:100.0%,No
29,0.0,1,D:100.0%,No
30,9.5,2,D:95.0%; G:5.0%,Yes
31,0.0,1,T:100.0%,No
32,39.9,2,Q:72.4%; L:27.6%,Yes
33,0.0,1,F:100.0%,No
34,0.0,1,V:100.0%,No
35,0.0,1,R:100.0%,No
36,0.0,1,F:100.0%,No
37,0.0,1,D:100.0%,No
38,0.0,1,S:100.0%,No
39,0.0,1,D:100.0%,No
40,0.0,1,A:100.0%,No
41,39.4,2,A:73.0%; T:27.0%,Yes
42,0.0,1,S:100.0%,No
43,0.0,1,P:100.0%,No
44,0.0,1,R:100.0%,No
45,73.3,5,E:31.8%; T:29.4%; K:25.0%; M:12.9%; G:0.9%,Yes
46,22.4,2,E:87.1%; A:12.9%,Yes
47,0.1,2,P:100.0%; T:0.0%,No
48,0.0,1,R:100.0%,No
49,0.0,1,A:100.0%,No
50,0.0,1,P:100.0%,No
51,0.0,1,W:100.0%,No
52,1.7,2,I:99.1%; V:0.9%,No
53,0.0,1,E:100.0%,No
54,0.0,1,Q:100.0%,No
55,0.0,1,E:100.0%,No
56,0.0,1,G:100.0%,No
57,0.0,1,P:100.0%,No
58,0.0,1,E:100.0%,No
59,0.1,2,Y:99.9%; H:0.1%,No
60,0.0,1,W:100.0%,No
61,0.0,1,D:100.0%,No
62,8.2,2,R:95.7%; G:4.3%,Yes
63,49.7,2,N:53.6%; E:46.4%,Yes
64,0.0,1,T:100.0%,No
65,9.5,2,Q:95.0%; R:5.0%,Yes
66,11.3,3,I:94.1%; N:5.0%; K:0.9%,Yes
67,70.7,5,S:43.4%; F:26.5%; Y:14.0%; C:11.1%; M:5.0%,Yes
68,0.0,1,K:100.0%,No
69,33.8,3,T:78.8%; A:20.3%; R:0.9%,Yes
70,35.8,4,N:78.8%; Q:13.7%; S:5.0%; K:2.5%,Yes
71,33.5,2,T:78.8%; A:21.2%,Yes
72,0.0,1,Q:100.0%,No
73,0.1,2,T:100.0%; A:0.0%,No
74,41.6,2,Y:70.5%; D:29.5%,Yes
75,0.0,1,R:100.0%,No
76,1.9,2,E:99.0%; V:1.0%,No
77,50.4,3,S:60.3%; N:36.2%; D:3.5%,Yes
78,0.0,1,L:100.0%,No
79,0.0,1,R:100.0%,No
80,55.8,3,N:60.2%; I:21.8%; T:18.0%,Yes
81,46.2,2,L:63.8%; A:36.2%,Yes
82,47.9,2,R:60.2%; L:39.8%,Yes
83,47.9,2,G:60.2%; R:39.8%,Yes
84,0.1,2,Y:100.0%; H:0.0%,No
85,0.0,1,Y:100.0%,No
86,0.0,1,N:100.0%,No
87,0.0,1,Q:100.0%,No
88,0.0,1,S:100.0%,No
89,0.0,1,E:100.0%,No
90,0.0,1,A:100.0%,No
91,0.0,1,G:100.0%,No
92,0.0,1,S:100.0%,No
93,0.0,1,H:100.0%,No
94,40.3,2,T:72.1%; I:27.9%,Yes
95,62.8,3,L:49.0%; I:28.9%; W:22.1%,Yes
96,0.0,1,Q:100.0%,No
97,64.4,6,R:53.0%; S:20.8%; T:17.2%; W:4.2%; N:2.5%; V:2.4%,Yes
98,0.1,2,M:99.9%; T:0.1%,No
99,2.8,3,Y:98.6%; S:1.0%; F:0.4%,No
100,0.0,1,G:100.0%,No
101,0.0,1,C:100.0%,No
102,0.0,1,D:100.0%,No
103,34.3,2,V:78.0%; L:22.0%,Yes
104,0.0,1,G:100.0%,No
105,0.0,1,P:100.0%,No
106,0.0,1,D:100.0%,No
107,0.0,1,G:100.0%,No
108,0.0,1,R:100.0%,No
109,2.5,2,L:98.7%; F:1.3%,No
110,0.0,1,L:100.0%,No
111,0.0,1,R:100.0%,No
112,0.0,1,G:100.0%,No
113,38.0,2,H:74.5%; Y:25.5%,Yes
114,53.3,3,D:49.0%; N:47.4%; H:3.5%,Yes
115,0.0,1,Q:100.0%,No
116,74.1,6,Y:38.5%; S:25.7%; D:15.5%; F:11.0%; L:9.3%; H:0.0%,Yes
117,0.0,1,A:100.0%,No
118,0.0,1,Y:100.0%,No
119,0.0,1,D:100.0%,No
120,0.0,1,G:100.0%,No
121,0.0,1,K:100.0%,No
122,0.0,1,D:100.0%,No
123,0.0,1,Y:100.0%,No
124,0.0,1,I:100.0%,No
125,0.0,1,A:100.0%,No
126,0.0,1,L:100.0%,No
127,0.0,1,N:100.0%,No
128,0.0,1,E:100.0%,No
129,0.0,1,D:100.0%,No
130,0.0,1,L:100.0%,No
131,38.2,2,S:74.3%; R:25.7%,Yes
132,0.0,1,S:100.0%,No
133,0.0,1,W:100.0%,No
134,0.0,1,T:100.0%,No
135,0.0,1,A:100.0%,No
136,0.0,1,A:100.0%,No
137,0.0,1,D:100.0%,No
138,0.0,1,T:100.0%,No
139,0.0,1,A:100.0%,No
140,0.0,1,A:100.0%,No
141,0.0,1,Q:100.0%,No
142,0.0,1,I:100.0%,No
143,7.1,2,T:96.3%; S:3.7%,Yes
144,0.1,2,Q:100.0%; P:0.0%,No
145,3.9,2,R:98.0%; L:2.0%,No
146,0.0,1,K:100.0%,No
147,7.1,2,W:96.3%; L:3.7%,Yes
148,0.0,1,E:100.0%,No
149,0.0,1,A:100.0%,No
150,0.0,1,A:100.0%,No
151,0.0,1,R:100.0%,No
152,47.2,2,V:61.9%; E:38.1%,Yes
153,0.0,1,A:100.0%,No
154,0.0,1,E:100.0%,No
155,0.0,1,Q:100.0%,No
156,52.6,4,L:65.5%; D:17.1%; R:10.1%; W:7.3%,Yes
157,0.0,1,R:100.0%,No
158,8.3,2,A:95.7%; T:4.3%,Yes
159,0.0,1,Y:100.0%,No
160,0.0,1,L:100.0%,No
161,0.0,1,E:100.0%,No
162,0.0,1,G:100.0%,No
163,60.9,3,L:52.8%; T:25.7%; E:21.5%,Yes
164,0.0,1,C:100.0%,No
165,0.0,1,V:100.0%,No
166,0.0,1,E:100.0%,No
167,23.2,2,W:86.6%; S:13.4%,Yes
168,0.0,1,L:100.0%,No
169,0.0,1,R:100.0%,No
170,0.0,1,R:100.0%,No
171,31.5,2,Y:80.4%; H:19.6%,Yes
172,0.0,1,L:100.0%,No
173,0.0,1,E:100.0%,No
174,0.0,1,N:100.0%,No
175,0.0,1,G:100.0%,No
176,0.0,1,K:100.0%,No
177,34.2,2,E:78.1%; D:21.9%,Yes
178,22.6,2,T:87.0%; K:13.0%,Yes
179,0.0,1,L:100.0%,No
180,34.2,2,Q:78.1%; E:21.9%,Yes
181,0.0,1,R:100.0%,No
182,0.0,1,A:100.0%,No
