locus,position,n_total,global_median,n_aa,closest_aa,closest_median,farthest_aa,farthest_median,delta,aa_details
A,9,239,3.63,4,Y,3.29,T,7.0,3.71,Y:3.29Å (n=46); F:3.63Å (n=148); S:4.07Å (n=42); T:7.00Å (n=3)
A,83,239,8.99,2,R,6.04,G,9.25,3.21,R:6.04Å (n=42); G:9.25Å (n=197)
A,79,239,7.18,2,R,4.11,G,7.3,3.19,R:4.11Å (n=42); G:7.30Å (n=197)
A,95,239,5.28,3,I,3.91,V,6.65,2.74,I:3.91Å (n=73); L:4.53Å (n=41); V:6.65Å (n=125)
A,44,239,8.67,2,R,8.57,K,10.58,2.01,R:8.57Å (n=227); K:10.58Å (n=12)
A,62,239,3.73,5,L,2.7,G,4.31,1.61,L:2.70Å (n=3); R:2.77Å (n=23); Q:2.99Å (n=47); E:3.37Å (n=41); G:4.31Å (n=125)
A,116,239,3.67,2,D,2.75,Y,3.88,1.13,D:2.75Å (n=72); Y:3.88Å (n=166)
A,152,239,3.51,3,E,2.55,A,3.66,1.11,E:2.55Å (n=16); V:3.51Å (n=191); A:3.66Å (n=31)
A,156,239,3.48,4,W,2.54,L,3.65,1.11,W:2.54Å (n=23); R:2.59Å (n=12); Q:3.24Å (n=60); L:3.65Å (n=144)
A,163,239,3.33,2,R,2.51,T,3.44,0.93,R:2.51Å (n=32); T:3.44Å (n=207)
A,167,239,3.38,2,W,3.27,G,4.18,0.91,W:3.27Å (n=186); G:4.18Å (n=53)
A,82,239,7.65,2,L,7.14,R,7.94,0.8,L:7.14Å (n=42); R:7.94Å (n=197)
A,166,239,4.68,2,E,4.32,D,5.12,0.8,E:4.32Å (n=186); D:5.12Å (n=53)
A,65,239,2.81,2,R,2.72,G,3.51,0.79,R:2.72Å (n=198); G:3.51Å (n=41)
A,76,239,3.59,3,E,3.12,A,3.9,0.78,E:3.12Å (n=43); V:3.62Å (n=181); A:3.90Å (n=15)
A,74,239,5.29,2,D,4.92,H,5.61,0.69,D:4.92Å (n=114); H:5.61Å (n=125)
A,81,239,3.91,2,L,3.9,A,4.48,0.58,L:3.90Å (n=197); A:4.48Å (n=42)
A,70,239,3.11,2,H,3.05,Q,3.56,0.51,H:3.05Å (n=180); Q:3.56Å (n=59)
A,97,239,3.63,3,R,3.41,M,3.9,0.49,R:3.41Å (n=126); I:3.85Å (n=47); M:3.90Å (n=66)
A,107,239,13.13,2,G,12.98,W,13.46,0.48,G:12.98Å (n=114); W:13.46Å (n=125)
A,161,239,6.82,2,D,6.4,E,6.82,0.42,D:6.40Å (n=15); E:6.82Å (n=224)
A,114,239,4.22,2,R,4.01,H,4.41,0.4,R:4.01Å (n=71); H:4.41Å (n=166)
A,99,239,3.04,2,Y,3.0,F,3.39,0.39,Y:3.00Å (n=198); F:3.39Å (n=41)
A,105,239,18.45,2,P,18.2,S,18.52,0.32,P:18.20Å (n=32); S:18.52Å (n=207)
A,66,239,2.87,2,K,2.85,N,3.08,0.23,K:2.85Å (n=166); N:3.08Å (n=73)
A,67,239,3.79,2,M,3.57,V,3.8,0.23,M:3.57Å (n=12); V:3.80Å (n=227)
A,151,239,4.06,2,R,3.83,H,4.06,0.23,R:3.83Å (n=4); H:4.06Å (n=235)
A,158,239,3.59,2,V,3.38,A,3.61,0.23,V:3.38Å (n=12); A:3.61Å (n=227)
A,90,239,17.37,2,A,17.31,D,17.53,0.22,A:17.31Å (n=207); D:17.53Å (n=32)
A,144,239,6.79,2,K,6.78,Q,6.95,0.17,K:6.78Å (n=234); Q:6.95Å (n=5)
A,142,239,5.87,2,I,5.85,T,6.01,0.16,I:5.85Å (n=92); T:6.01Å (n=147)
A,77,239,2.84,2,N,2.72,D,2.86,0.14,N:2.72Å (n=57); D:2.86Å (n=181)
A,63,239,2.85,3,Q,2.73,E,2.86,0.13,Q:2.73Å (n=3); N:2.77Å (n=23); E:2.86Å (n=213)
A,145,239,7.71,2,R,7.61,H,7.74,0.13,R:7.61Å (n=92); H:7.74Å (n=147)
A,150,239,3.41,2,A,3.41,V,3.53,0.12,A:3.41Å (n=227); V:3.53Å (n=12)
A,127,239,12.65,2,K,12.63,N,12.68,0.05,K:12.63Å (n=188); N:12.68Å (n=51)
A,80,239,3.6,2,I,3.59,T,3.6,0.01,I:3.59Å (n=42); T:3.60Å (n=197)
B,45,193,5.73,4,K,2.65,T,6.99,4.34,K:2.65Å (n=9); E:4.46Å (n=96); M:4.79Å (n=8); T:6.99Å (n=80)
B,24,193,6.0,3,T,3.34,A,7.03,3.69,T:3.34Å (n=20); S:5.43Å (n=98); A:7.03Å (n=75)
B,83,193,9.02,2,R,6.05,G,9.1,3.05,R:6.05Å (n=45); G:9.10Å (n=148)
B,97,193,3.91,5,R,3.02,N,5.77,2.75,R:3.02Å (n=79); S:4.28Å (n=81); T:5.00Å (n=15); V:5.35Å (n=7); N:5.77Å (n=11)
B,180,154,15.53,2,Q,15.25,E,17.19,1.94,Q:15.25Å (n=110); E:17.19Å (n=44)
B,171,193,2.85,2,Y,2.82,H,4.71,1.89,Y:2.82Å (n=166); H:4.71Å (n=27)
B,41,193,14.07,2,T,12.5,A,14.11,1.61,T:12.50Å (n=9); A:14.11Å (n=184)
B,131,193,8.82,2,R,7.97,S,9.47,1.5,R:7.97Å (n=83); S:9.47Å (n=110)
B,62,193,2.69,2,R,2.68,G,4.1,1.42,R:2.68Å (n=186); G:4.10Å (n=7)
B,114,193,4.78,3,N,3.91,H,5.3,1.39,N:3.91Å (n=69); D:4.86Å (n=113); H:5.30Å (n=11)
B,11,193,8.01,2,A,7.76,S,9.06,1.3,A:7.76Å (n=129); S:9.06Å (n=64)
B,116,193,3.31,4,S,2.75,F,3.86,1.11,S:2.75Å (n=72); D:3.29Å (n=14); Y:3.36Å (n=102); F:3.86Å (n=5)
B,32,193,11.11,2,L,10.07,Q,11.13,1.06,L:10.07Å (n=20); Q:11.13Å (n=173)
B,70,193,3.04,4,N,2.96,K,4.02,1.06,N:2.96Å (n=139); Q:3.27Å (n=36); S:3.60Å (n=7); K:4.02Å (n=11)
B,12,193,11.04,2,M,10.83,V,11.87,1.04,M:10.83Å (n=129); V:11.87Å (n=64)
B,74,193,3.66,2,Y,3.56,D,4.55,0.99,Y:3.56Å (n=101); D:4.55Å (n=92)
B,152,193,3.48,2,E,2.64,V,3.62,0.98,E:2.64Å (n=50); V:3.62Å (n=143)
B,178,193,15.87,2,T,15.76,K,16.68,0.92,T:15.76Å (n=156); K:16.68Å (n=37)
B,82,193,8.31,2,L,7.52,R,8.34,0.82,L:7.52Å (n=45); R:8.34Å (n=148)
B,80,193,2.84,3,N,2.8,T,3.61,0.81,N:2.80Å (n=148); I:3.27Å (n=26); T:3.61Å (n=19)
B,66,193,3.37,2,N,2.6,I,3.39,0.79,N:2.60Å (n=7); I:3.39Å (n=186)
B,158,193,3.55,2,T,2.91,A,3.56,0.65,T:2.91Å (n=4); A:3.56Å (n=189)
B,156,193,3.29,3,D,3.02,L,3.63,0.61,D:3.02Å (n=52); R:3.09Å (n=53); L:3.63Å (n=87)
B,9,193,3.42,3,H,2.95,Y,3.48,0.53,H:2.95Å (n=26); D:3.23Å (n=45); Y:3.48Å (n=122)
B,163,193,3.35,3,E,3.06,T,3.59,0.53,E:3.06Å (n=48); L:3.38Å (n=82); T:3.59Å (n=63)
B,147,193,2.97,2,W,2.97,L,3.49,0.52,W:2.97Å (n=190); L:3.49Å (n=3)
B,65,193,3.0,2,R,2.5,Q,3.0,0.5,R:2.50Å (n=7); Q:3.00Å (n=186)
B,46,193,9.99,2,E,9.98,A,10.45,0.47,E:9.98Å (n=185); A:10.45Å (n=8)
B,103,193,11.98,2,L,11.68,V,12.06,0.38,L:11.68Å (n=52); V:12.06Å (n=141)
B,67,193,3.66,5,C,3.38,S,3.75,0.37,C:3.38Å (n=15); Y:3.60Å (n=36); M:3.62Å (n=7); F:3.72Å (n=112); S:3.75Å (n=23)
B,81,193,4.13,2,L,4.08,A,4.36,0.28,L:4.08Å (n=160); A:4.36Å (n=33)
B,69,193,3.36,2,T,3.22,A,3.44,0.22,T:3.22Å (n=139); A:3.44Å (n=54)
B,167,193,3.26,2,S,3.07,W,3.26,0.19,S:3.07Å (n=7); W:3.26Å (n=186)
B,77,193,2.92,3,D,2.77,S,2.93,0.16,D:2.77Å (n=12); N:2.93Å (n=33); S:2.93Å (n=148)
B,71,193,6.35,2,A,6.27,T,6.4,0.13,A:6.27Å (n=54); T:6.40Å (n=139)
B,94,193,8.41,2,I,8.31,T,8.44,0.13,I:8.31Å (n=66); T:8.44Å (n=127)
B,95,193,3.92,3,W,3.81,L,3.93,0.12,W:3.81Å (n=15); I:3.93Å (n=67); L:3.93Å (n=111)
B,30,193,14.4,2,G,14.31,D,14.4,0.09,G:14.31Å (n=12); D:14.40Å (n=181)
B,113,193,7.57,2,H,7.55,Y,7.61,0.06,H:7.55Å (n=174); Y:7.61Å (n=19)
B,63,193,3.0,2,E,3.0,N,3.04,0.04,E:3.00Å (n=29); N:3.04Å (n=164)
B,177,193,17.66,2,E,17.66,D,17.67,0.01,E:17.66Å (n=110); D:17.67Å (n=83)
B,143,193,3.41,2,S,3.41,T,3.41,0.0,S:3.41Å (n=3); T:3.41Å (n=189)
